<wpml-config>
  <custom-types>
    <custom-type translate="1" display-as-translated="1">e-landing-page</custom-type>
    <custom-type translate="1" display-as-translated="1">elementor_library</custom-type>
    <custom-type translate="1" display-as-translated="1">product</custom-type>
    <custom-type translate="1" display-as-translated="1">product_variation</custom-type>
    <custom-type translate="1" display-as-translated="1">shop_order</custom-type>
    <custom-type translate="1" display-as-translated="1">shop_order_refund</custom-type>
    <custom-type translate="1" display-as-translated="1">shop_coupon</custom-type>
  </custom-types>
  <taxonomies>
    <taxonomy translate="1" display-as-translated="1">elementor_library_type</taxonomy>
    <taxonomy translate="1" display-as-translated="1">elementor_library_category</taxonomy>
    <taxonomy translate="1" display-as-translated="1">product_type</taxonomy>
    <taxonomy translate="1" display-as-translated="1">product_visibility</taxonomy>
    <taxonomy translate="1" display-as-translated="1">product_cat</taxonomy>
    <taxonomy translate="1" display-as-translated="1">product_tag</taxonomy>
    <taxonomy translate="1" display-as-translated="1">product_shipping_class</taxonomy>
    <taxonomy translate="1" display-as-translated="1">translation_priority</taxonomy>
  </taxonomies>
</wpml-config>